{
  "animation_settings": {
    "animation": true,
    "water": true,
    "lava": true,
    "fire": true,
    "portal": true,
    "block_animations": true,
    "sculk_sensor": true
  },
  "particle_settings": {
    "particles": true,
    "rain_splash": true,
    "block_break": true,
    "block_breaking": true,
    "other": {}
  },
  "detail_settings": {
    "sky": true,
    "sun": true,
    "moon": true,
    "stars": true,
    "rain_snow": true,
    "biome_colors": true,
    "sky_colors": true
  },
  "render_settings": {
    "global_fog": true,
    "fog_type_config": {
      "LAVA": {
        "enable": true,
        "environment_start_multiplier": 100,
        "environment_end_multiplier": 100,
        "render_distance_start_multiplier": 100,
        "render_distance_end_multiplier": 100,
        "sky_end_multiplier": 100,
        "cloud_end_multiplier": 100
      },
      "WATER": {
        "enable": true,
        "environment_start_multiplier": 100,
        "environment_end_multiplier": 100,
        "render_distance_start_multiplier": 100,
        "render_distance_end_multiplier": 100,
        "sky_end_multiplier": 100,
        "cloud_end_multiplier": 100
      },
      "POWDER_SNOW": {
        "enable": true,
        "environment_start_multiplier": 100,
        "environment_end_multiplier": 100,
        "render_distance_start_multiplier": 100,
        "render_distance_end_multiplier": 100,
        "sky_end_multiplier": 100,
        "cloud_end_multiplier": 100
      },
      "ATMOSPHERIC": {
        "enable": true,
        "environment_start_multiplier": 100,
        "environment_end_multiplier": 100,
        "render_distance_start_multiplier": 100,
        "render_distance_end_multiplier": 100,
        "sky_end_multiplier": 100,
        "cloud_end_multiplier": 100
      }
    },
    "light_updates": true,
    "item_frame": true,
    "armor_stand": true,
    "painting": true,
    "piston": true,
    "beacon_beam": true,
    "limit_beacon_beam_height": false,
    "enchanting_table_book": true,
    "item_frame_name_tag": true,
    "player_name_tag": true
  },
  "extra_settings": {
    "overlay_corner": "TOP_LEFT",
    "text_contrast": "NONE",
    "show_fps": false,
    "show_f_p_s_extended": true,
    "show_coords": false,
    "reduce_resolution_on_mac": false,
    "use_adaptive_sync": false,
    "cloud_height": 192,
    "toasts": true,
    "advancement_toast": true,
    "recipe_toast": true,
    "system_toast": true,
    "tutorial_toast": true,
    "instant_sneak": false,
    "prevent_shaders": false,
    "steady_debug_hud": true,
    "steady_debug_hud_refresh_interval": 1
  }
}